PULocationID,hour,count
162,3,281
247,5,52
43,7,1070
163,7,1576
179,8,152
79,10,2186
137,11,2089
39,11,147
61,13,321
155,14,72
114,15,2204
255,20,436
92,8,42
71,4,79
83,11,44
203,4,6
28,16,86
205,19,56
248,4,23
196,0,28
69,1,31
48,6,2411
33,8,293
135,9,33
86,10,39
140,13,5042
113,16,3215
181,16,157
230,19,8671
219,22,67
205,9,82
205,11,35
62,1,33
152,17,355
10,2,18
165,15,46
3,15,13
202,12,11
92,21,137
41,3,71
88,0,663
230,23,9358
17,1,106
17,2,53
188,4,109
34,5,136
162,12,7096
230,12,5671
229,14,3419
193,18,139
106,21,105
75,22,913
260,22,157
65,23,234
129,14,166
39,19,115
91,6,158
168,13,107
83,6,76
168,19,163
147,19,29
147,10,24
183,15,5
133,10,47
11,23,6
141,0,1439
148,23,4599
65,9,177
13,10,950
125,12,808
233,12,2771
247,13,68
224,15,334
265,16,93
24,17,738
48,21,8206
145,21,400
76,19,221
7,21,411
227,15,32
167,23,36
250,6,69
235,12,38
258,4,64
32,8,28
79,1,9228
112,2,256
113,4,365
45,4,74
114,9,781
4,10,311
24,10,669
239,16,6486
100,18,4291
162,19,10263
1,0,2
174,9,31
119,15,38
136,12,23
28,15,56
53,12,9
123,5,5
207,10,16
6,20,4
117,21,16
125,2,452
152,2,27
80,3,505
24,9,700
237,10,8774
80,12,58
211,13,1419
235,17,25
191,21,25
82,22,241
127,11,29
63,18,71
225,5,130
159,6,88
179,19,184
61,23,382
207,8,8
139,8,42
51,18,56
159,17,66
48,1,3032
145,5,180
114,8,738
150,11,10
246,13,3802
256,18,295
89,8,314
52,11,51
102,6,41
134,7,89
242,14,37
34,8,13
93,9,16
90,4,725
38,6,42
167,8,98
234,10,3571
42,10,375
107,11,3192
70,12,783
79,13,2676
231,16,3144
249,18,5461
134,18,85
68,19,8057
141,19,6121
69,9,100
177,16,97
215,17,57
196,1,10
40,6,57
37,14,119
190,8,13
147,15,28
64,14,6
124,18,27
22,8,68
32,10,23
89,10,168
140,14,5300
68,18,8538
237,21,9873
7,4,379
196,4,28
219,3,24
86,5,43
56,11,29
189,13,65
192,10,8
157,12,40
243,1,48
202,1,6
141,5,593
265,5,26
161,5,436
141,10,4750
117,10,48
140,12,5171
236,14,10721
97,16,227
113,20,4752
90,20,4832
170,21,6722
143,23,1176
260,6,143
60,11,22
91,14,123
62,21,85
18,16,30
242,4,17
208,10,22
12,19,30
22,9,58
123,20,28
238,0,718
142,23,5709
239,3,164
191,6,106
132,8,3885
244,8,401
133,9,66
88,10,291
25,11,153
238,12,4808
88,13,700
181,13,143
239,18,7678
146,6,157
136,8,53
160,17,33
225,19,238
22,6,42
149,10,20
38,16,13
198,14,57
135,22,42
248,20,34
87,2,273
237,2,315
249,3,2806
231,3,633
197,5,96
61,5,202
211,8,530
262,11,3458
112,14,75
226,14,336
186,15,6598
226,16,444
196,16,71
90,17,3727
62,17,92
140,18,5325
164,19,6911
66,3,24
119,14,27
77,10,67
76,16,206
212,7,90
53,23,40
157,0,38
70,2,62
12,7,4
227,7,39
65,10,137
50,14,1288
162,15,7576
88,15,785
246,17,7083
143,20,2088
249,22,9226
19,2,4
38,15,19
51,13,35
63,13,49
34,15,32
218,21,30
67,15,20
225,0,151
151,2,71
124,3,5
132,5,2506
62,6,79
75,7,1478
119,10,48
87,13,1106
10,15,103
244,17,421
261,18,1827
75,19,1772
80,19,236
95,3,30
241,7,50
179,13,120
167,5,52
117,5,41
71,6,144
86,7,57
196,12,48
208,0,14
217,8,35
69,16,84
136,20,25
201,20,8
86,9,44
250,1,19
212,8,103
192,13,8
225,18,202
212,18,37
118,5,1
123,0,22
217,0,29
164,3,924
143,5,337
114,7,410
13,8,940
41,8,1082
152,8,264
215,9,79
130,10,70
243,14,158
35,15,134
254,16,38
55,20,42
87,23,1505
93,0,18
169,10,46
124,7,33
3,13,11
123,18,37
226,2,89
226,3,122
145,4,291
229,5,427
93,5,30
90,7,1192
138,8,2526
248,9,76
170,11,5790
194,11,2
76,13,238
7,14,249
196,14,77
213,15,54
197,15,235
43,17,4009
85,20,87
100,21,3583
140,21,2516
229,23,2004
71,1,25
47,10,18
122,11,16
82,19,268
248,21,17
223,23,166
208,6,23
101,21,12
128,16,8
171,14,14
53,16,17
217,21,59
67,7,60
186,23,5293
132,3,827
238,4,256
237,7,4071
162,7,3171
148,7,508
116,7,533
137,8,1750
116,8,613
213,8,139
224,9,608
216,9,178
72,12,131
90,13,2765
249,13,2794
42,15,460
80,16,84
74,17,897
12,17,128
234,19,9132
151,19,1999
97,20,345
179,0,80
112,5,134
117,6,70
160,8,60
47,7,84
193,2,12
44,9,1
179,17,131
3,18,19
228,10,54
20,2,10
163,1,920
157,1,53
1,7,14
193,10,161
158,12,1092
264,12,397
126,14,45
138,18,6894
45,20,716
229,22,3061
43,22,1452
217,6,16
265,19,68
248,13,38
28,21,47
78,22,37
155,6,45
11,8,27
94,11,13
169,18,54
140,3,145
231,4,430
161,4,333
255,4,253
82,6,103
71,11,104
181,18,436
95,19,280
56,0,35
7,1,203
72,11,129
173,3,30
212,9,66
136,11,37
212,16,29
11,6,19
4,7,409
205,13,63
77,16,53
1,20,15
181,6,54
157,10,45
77,21,52
142,4,282
247,6,70
79,8,2598
237,9,7707
70,16,612
190,17,35
237,22,7201
37,9,196
92,17,47
15,12,6
222,6,55
35,18,112
165,4,4
6,17,2
42,0,340
25,1,214
100,6,1828
67,10,20
36,14,63
107,15,3726
261,22,766
116,4,131
210,13,37
14,14,65
203,16,18
86,17,32
191,5,76
173,9,21
40,12,37
250,16,30
241,0,21
203,0,22
235,15,37
41,0,434
162,4,303
107,7,2360
67,8,35
72,8,248
162,9,5808
140,10,4455
188,10,201
216,11,154
76,12,259
125,13,965
43,14,4772
113,15,3164
33,15,215
230,18,9765
142,20,7679
132,20,10919
261,20,1483
223,20,203
7,20,463
170,22,5616
166,23,853
56,3,15
255,18,338
174,11,31
124,13,29
169,16,44
76,20,253
9,13,10
21,11,21
258,15,52
122,17,12
160,1,22
199,22,1
265,0,85
256,5,142
239,6,1385
151,7,1541
186,8,6513
166,8,1017
235,11,71
177,12,103
50,13,1127
262,16,2588
232,16,343
132,17,11313
226,18,493
51,7,81
195,10,103
62,11,83
203,17,12
189,18,164
136,23,35
121,13,34
220,13,29
236,23,1676
142,1,593
249,4,1246
13,7,616
48,8,3656
39,9,232
56,9,57
233,10,2468
86,11,36
20,12,28
158,13,1318
152,14,222
162,20,10175
129,0,168
248,0,9
81,7,56
134,16,96
85,9,78
92,9,12
240,8,10
28,10,41
256,13,74
147,7,67
123,9,64
84,20,1
249,0,8230
166,2,118
158,3,1033
129,9,160
50,10,1218
68,11,4627
39,13,152
211,19,3096
216,6,159
126,9,37
156,10,2
254,13,52
62,14,105
55,6,55
180,8,33
37,17,169
184,8,2
241,15,21
175,10,4
175,12,8
34,12,11
248,18,27
115,6,6
264,1,137
146,5,90
158,7,607
182,7,166
24,12,625
163,18,9492
138,21,6911
260,21,163
25,22,366
98,23,10
219,1,22
83,23,54
136,16,21
215,22,73
66,23,227
47,4,21
215,5,64
18,14,42
195,13,30
248,23,30
203,12,10
87,7,399
224,7,482
88,8,187
64,8,11
162,11,6320
79,15,2861
179,15,126
247,17,101
223,19,203
79,20,7788
244,4,78
55,9,71
190,13,13
258,8,139
38,5,22
8,20,3
68,0,3503
36,1,321
244,1,71
179,6,128
234,7,1404
87,9,834
163,10,4211
261,10,663
193,13,142
143,14,2527
121,14,31
38,17,17
161,20,14448
75,21,1088
181,1,163
174,5,18
53,7,22
134,11,28
86,15,46
250,11,23
258,11,39
63,20,71
200,12,17
117,18,17
95,0,115
126,19,42
119,22,38
125,10,716
236,16,11049
166,16,1516
140,22,1832
181,22,563
162,23,3005
108,7,35
256,9,126
183,13,8
180,12,22
53,21,29
19,13,20
129,6,162
222,9,73
14,11,84
51,14,30
89,16,157
75,18,1935
243,18,208
41,2,105
33,10,151
223,11,68
121,12,28
122,13,15
17,19,250
196,23,50
139,11,16
228,6,54
83,10,39
16,15,13
149,7,29
167,1,15
51,21,77
88,2,197
140,4,246
76,7,441
56,7,92
163,9,3371
223,10,87
49,12,100
249,14,2984
148,16,1349
222,16,30
232,17,433
116,18,465
50,19,1646
188,18,261
41,20,1254
66,21,345
66,1,76
219,17,48
91,20,97
194,7,6
197,14,168
119,7,105
257,13,34
228,16,77
55,4,14
68,23,4829
255,1,764
263,2,517
63,11,58
223,12,77
13,15,1561
87,20,2258
137,22,2163
258,12,49
112,6,92
167,13,50
207,16,8
196,20,97
112,1,360
113,2,1117
144,5,203
157,5,259
238,6,1606
83,8,47
218,9,66
125,14,962
73,18,10
134,21,40
100,22,3581
121,2,10
260,23,125
119,8,76
165,13,55
12,20,29
252,13,17
203,1,10
175,13,8
217,9,43
225,21,148
127,0,51
107,0,3374
198,4,148
129,10,130
41,11,584
218,13,68
140,16,5720
149,16,33
143,18,3509
10,20,88
137,21,2460
4,22,770
209,23,570
69,4,22
71,12,132
61,0,254
135,15,33
94,20,30
76,4,136
256,6,87
28,7,119
69,14,66
139,18,15
79,23,9702
4,0,1347
239,2,266
238,3,112
61,4,152
127,5,22
162,8,5102
39,10,222
100,11,2608
177,13,90
260,14,112
14,15,77
224,16,264
202,17,12
35,17,103
130,17,277
158,18,2793
10,18,109
213,21,60
96,3,1
17,7,177
10,13,91
213,17,47
180,13,36
242,19,50
16,8,29
28,18,78
91,17,78
124,10,26
139,22,15
163,23,4157
87,1,649
151,5,294
35,7,257
90,9,2344
13,9,905
232,12,279
234,14,6128
100,14,2940
39,16,124
33,22,315
179,22,134
129,1,114
82,3,82
1,9,15
208,9,24
126,13,40
70,7,199
213,7,124
180,7,41
77,15,66
188,17,217
254,23,41
200,9,22
85,21,61
35,4,52
77,17,58
122,20,7
21,16,18
232,2,255
225,2,80
91,7,214
68,8,2950
86,8,67
143,9,3357
89,12,150
42,13,490
49,13,106
188,14,202
7,15,246
10,16,107
262,18,3599
88,18,1090
255,22,759
97,23,512
77,13,49
189,15,77
179,23,89
39,22,119
178,18,15
193,3,21
241,21,18
211,23,2097
41,1,193
217,3,17
41,7,951
97,10,139
127,10,36
235,10,63
66,11,61
143,12,2622
137,12,2236
91,15,107
97,21,374
246,22,3700
124,6,24
35,11,144
255,17,211
208,23,41
62,4,43
209,5,48
101,3,6
46,13,3
16,16,12
238,1,289
129,3,202
175,8,15
249,10,1938
49,11,121
80,11,47
50,12,1182
81,14,40
47,15,39
41,16,882
137,18,3246
244,21,344
88,23,830
225,8,244
28,20,60
40,8,150
192,9,13
258,16,55
180,11,17
152,4,51
170,5,550
41,5,289
116,5,140
125,6,170
143,7,2220
152,7,284
235,7,103
130,9,87
42,12,444
26,12,59
152,16,260
168,10,121
254,19,54
210,5,25
155,21,66
164,4,811
107,8,3378
163,8,2581
237,12,10786
81,12,31
237,16,12598
45,18,596
223,4,94
153,4,3
71,20,73
124,0,34
139,12,13
49,15,131
257,11,27
92,23,83
54,9,25
230,1,2107
170,3,437
145,8,262
28,8,72
95,9,89
233,20,3262
25,21,293
60,12,32
29,14,40
126,16,41
36,12,55
136,14,24
175,6,21
198,17,86
168,22,196
53,17,18
229,0,1379
246,2,1231
49,2,28
209,3,127
157,3,271
232,3,196
125,4,319
137,4,466
112,4,211
238,5,596
262,5,641
68,6,914
234,9,2941
51,9,71
70,11,804
210,11,50
233,13,2944
195,14,29
137,15,2474
231,18,5082
33,21,278
217,23,58
174,6,55
244,12,267
77,11,48
193,17,114
131,20,31
101,22,14
1,22,1
135,14,22
171,9,11
169,20,72
144,0,2887
186,2,925
194,6,10
232,9,410
4,11,247
61,11,318
21,15,23
177,19,108
262,22,861
12,1,5
260,17,133
26,16,72
121,17,34
117,14,23
122,16,9
207,15,11
162,0,1626
257,1,11
88,12,486
33,17,344
145,20,475
87,21,2003
113,22,4174
189,23,149
33,2,36
143,3,99
243,8,218
248,10,31
207,13,21
26,18,89
177,5,91
188,20,232
194,1,4
20,14,35
242,1,13
166,0,490
14,3,28
146,3,51
34,4,130
229,6,821
100,7,2015
100,8,2073
235,8,96
97,8,213
231,9,1666
50,9,1473
80,10,69
70,13,607
125,15,988
190,15,19
217,16,34
236,17,11509
55,17,38
92,19,95
66,20,342
230,22,14210
221,4,3
227,8,51
147,9,18
17,10,153
62,18,108
193,19,121
169,4,27
133,2,11
198,19,139
255,5,110
186,1,1848
90,2,1243
137,3,427
161,9,5389
188,9,231
134,14,71
151,16,1953
50,21,1547
197,3,81
16,4,12
10,5,60
51,19,56
220,10,18
258,18,53
228,21,106
230,3,911
50,4,327
233,5,351
100,5,1264
89,7,311
263,8,4275
95,8,161
117,9,52
60,10,31
33,13,203
14,13,63
61,15,287
162,16,8740
255,19,530
7,22,467
168,1,69
74,3,77
54,10,14
94,9,31
17,14,167
8,14,4
52,14,50
112,18,342
102,12,28
213,14,56
89,3,28
178,14,10
127,23,73
74,2,80
162,5,625
114,5,216
142,6,942
4,9,530
213,12,41
152,15,232
66,17,339
61,22,305
189,0,103
60,2,11
194,5,1
243,13,94
177,21,116
218,4,25
203,5,31
248,6,60
200,7,23
193,21,65
258,10,42
133,11,43
134,1,22
28,4,37
195,15,50
143,10,2781
243,10,88
157,11,49
237,15,12689
167,15,45
223,16,100
17,18,239
144,19,3500
89,19,235
68,21,7893
265,21,86
243,6,87
216,10,115
177,6,121
165,8,99
201,14,8
219,20,53
63,0,42
28,1,28
200,6,13
250,7,65
248,15,25
186,0,3933
80,2,407
79,3,4176
100,4,424
79,5,740
45,5,41
88,5,38
232,6,237
132,7,5340
135,7,64
263,11,3795
87,12,887
194,12,7
170,16,6434
138,16,7892
113,17,3568
41,17,1108
142,18,8789
113,18,4274
166,18,2149
202,18,16
263,20,4450
125,22,1387
66,22,331
189,22,170
52,9,102
195,22,72
82,11,66
150,12,11
6,13,10
185,6,36
102,9,32
101,0,32
26,1,18
242,0,35
202,4,6
231,5,210
158,5,123
93,7,26
40,9,95
241,9,55
72,10,170
216,15,200
89,17,195
100,19,3755
261,21,1034
222,14,46
178,9,34
197,12,111
218,15,45
122,2,4
150,9,9
77,1,28
42,2,99
229,3,312
42,4,191
188,7,260
182,9,76
121,19,46
177,20,126
232,22,724
86,6,51
183,9,10
53,6,16
182,14,36
89,21,168
123,19,36
89,1,37
216,1,112
97,2,54
246,7,754
77,8,125
141,9,4566
142,11,5558
45,12,357
93,12,29
158,14,1625
209,14,341
256,16,144
114,18,3646
231,21,3983
89,6,132
26,8,65
197,10,107
129,18,254
28,19,78
228,13,49
80,14,66
208,19,36
34,20,34
198,1,76
144,4,921
107,5,650
137,7,1404
213,9,117
170,10,5566
129,12,143
132,16,11794
186,18,8024
227,18,39
224,21,372
220,15,27
260,8,137
180,9,23
222,4,17
51,12,33
134,9,30
219,10,33
207,17,8
24,1,111
43,3,34
264,3,56
49,5,66
193,8,117
209,10,214
181,11,100
146,14,139
152,19,436
89,22,197
69,6,89
198,8,95
195,11,39
33,12,192
69,13,70
126,15,65
248,16,16
47,5,39
208,8,50
235,13,34
133,17,57
216,23,128
127,22,80
70,5,41
32,6,32
194,18,17
47,18,26
156,8,2
158,4,291
10,6,99
239,7,3626
247,7,152
197,9,141
49,9,158
24,11,566
132,11,3741
234,15,6404
158,16,1862
237,17,13023
48,17,5013
263,18,5052
79,18,5421
144,18,3604
140,20,3739
191,22,50
18,9,60
47,21,34
180,4,22
235,5,37
92,6,21
248,7,71
241,20,42
157,22,53
257,14,15
36,20,198
3,10,16
26,22,69
234,23,6472
151,1,131
265,2,57
95,2,30
261,11,1030
35,13,128
87,15,1080
219,15,83
263,16,3823
61,16,284
87,16,1294
87,18,2387
7,19,567
263,22,3339
132,23,9228
7,23,448
193,4,40
254,7,102
217,14,35
150,17,19
37,20,276
175,21,15
3,5,24
40,5,17
11,7,22
255,9,52
169,13,54
77,18,45
78,4,33
69,20,102
21,5,13
195,16,53
239,1,644
113,3,775
13,5,81
135,5,38
170,6,1280
166,10,925
227,11,28
148,12,925
161,14,11153
159,14,100
163,15,6675
209,15,365
61,18,378
238,19,4282
143,19,2736
116,19,511
74,20,892
162,22,5381
61,20,365
212,6,85
175,16,8
20,11,21
147,12,23
74,1,143
108,8,49
223,9,87
69,10,92
161,11,8217
237,11,9963
42,14,489
162,17,11223
25,19,356
45,21,605
42,5,217
210,10,47
49,14,124
216,22,127
1,11,16
216,2,80
60,5,21
257,15,21
72,20,117
19,17,20
93,23,24
67,18,27
81,4,12
126,5,35
209,1,366
169,5,39
222,12,74
233,14,2687
102,14,21
161,15,11711
223,15,97
40,17,93
239,20,5740
229,20,4448
224,22,388
164,23,4724
215,10,87
179,20,151
168,6,141
169,15,67
131,5,30
63,5,48
235,14,47
259,5,14
197,22,104
94,3,4
161,1,997
234,4,531
205,6,110
233,9,2202
25,10,122
224,11,403
249,12,2367
170,14,6288
168,14,147
50,15,1154
35,19,123
137,20,2930
189,20,115
127,4,54
121,7,80
21,6,19
167,19,44
182,15,24
197,21,95
219,8,59
15,11,2
112,10,86
129,2,114
75,5,467
37,5,233
236,10,9330
146,11,147
121,11,17
170,13,6535
141,15,5378
237,19,11285
24,21,564
181,20,359
69,15,82
47,11,28
78,14,38
85,0,42
159,4,38
229,1,722
260,1,88
233,2,206
198,2,96
7,2,171
261,7,211
239,10,5773
164,11,3830
116,13,267
152,13,224
230,15,6011
211,15,2314
143,16,2652
88,16,950
82,16,171
112,17,170
129,21,239
126,4,30
17,6,127
155,20,78
219,2,20
150,5,6
81,5,20
174,20,38
239,0,1705
100,1,1031
36,3,291
37,4,299
33,5,49
48,7,2691
137,14,2325
70,17,619
43,19,2745
143,21,1849
262,21,1281
88,21,1048
145,22,466
71,15,90
194,19,23
106,20,100
117,8,73
160,14,38
60,4,16
40,15,29
15,10,15
252,14,15
159,5,35
16,9,8
262,1,147
1,4,8
226,7,370
195,9,240
264,11,350
174,12,24
129,13,158
211,14,1887
158,20,3310
56,20,78
28,22,42
138,5,90
203,8,31
196,7,85
155,8,64
67,13,15
83,17,51
67,2,4
221,7,25
72,21,86
54,15,11
146,2,44
161,6,1222
41,6,513
193,7,128
230,8,3360
18,8,87
41,10,638
254,10,69
87,11,849
131,12,34
91,13,139
114,14,1850
68,17,7581
155,19,53
48,22,9776
65,22,296
265,22,86
74,23,528
94,14,20
78,6,44
127,13,36
92,18,73
73,5,11
207,7,9
147,13,36
127,6,27
21,10,36
219,21,42
102,23,33
56,17,29
64,6,6
217,5,21
223,7,94
42,8,841
114,10,835
232,11,270
229,12,3828
107,13,3727
52,13,44
138,14,8509
142,16,7073
146,17,207
138,17,6502
264,18,467
163,19,8166
261,19,1691
75,23,696
66,6,61
181,8,197
66,10,54
72,13,135
165,7,71
36,9,61
258,13,57
83,19,63
9,12,18
153,21,9
126,6,26
125,1,730
211,2,881
145,3,142
262,4,238
90,5,474
90,10,2364
82,15,132
69,17,90
40,19,102
158,21,3563
80,21,244
93,22,37
225,22,172
24,5,155
81,11,18
108,17,16
29,17,41
165,10,60
108,13,17
191,4,38
106,9,46
40,3,6
150,18,12
173,6,56
132,0,6721
49,0,120
137,1,909
164,6,615
226,8,359
149,11,25
74,12,634
142,14,6490
212,15,26
60,16,26
265,18,94
119,19,47
65,8,196
17,13,149
56,5,49
190,22,18
183,11,5
38,14,21
75,0,419
90,1,2138
230,7,1955
264,7,300
7,9,237
249,11,2079
76,11,231
205,12,52
163,13,5921
151,17,2122
211,17,2461
132,21,10930
208,21,30
36,23,227
147,11,26
195,5,18
56,15,36
247,21,123
18,10,32
73,6,14
202,8,14
78,5,24
173,17,30
168,2,40
148,1,5690
80,1,353
68,2,1392
216,7,247
90,8,2162
38,8,26
254,11,42
43,15,5536
229,15,3112
152,3,23
71,8,190
179,9,136
225,12,146
121,6,54
210,16,43
86,4,20
243,5,49
195,6,38
123,11,48
117,13,22
55,16,43
32,17,20
228,19,195
151,4,123
166,4,125
236,7,6301
181,12,133
86,12,33
186,13,8114
114,20,4971
256,21,447
260,2,62
179,5,86
11,19,16
28,5,47
167,11,49
223,13,67
160,12,20
71,18,84
165,20,56
249,23,8816
233,7,1211
183,7,19
35,10,158
66,14,178
210,15,43
4,17,326
209,18,592
48,19,6188
157,21,60
224,23,338
14,4,50
195,7,164
241,16,23
242,5,20
112,21,315
36,10,53
63,7,125
218,17,35
121,18,32
228,12,52
220,19,50
48,0,4992
10,4,47
247,4,26
51,5,34
234,6,658
74,8,1069
146,8,139
158,10,843
4,13,240
170,17,7686
148,19,2709
79,22,9812
263,23,2294
188,0,109
81,13,35
181,23,484
215,6,149
78,18,43
196,19,97
130,23,325
25,2,172
83,3,45
87,0,1164
7,3,267
132,4,806
143,4,134
85,6,75
237,8,6543
54,8,55
137,13,2351
170,18,8939
36,18,116
261,23,596
155,23,36
63,2,22
83,15,43
91,23,65
213,6,99
193,16,149
8,19,2
40,23,85
11,5,15
241,6,50
185,10,19
37,11,131
185,12,19
10,1,24
19,4,4
122,9,10
253,23,1
236,1,275
132,6,4850
138,9,4518
68,12,4751
164,12,4106
259,13,34
113,14,2915
87,19,2341
42,22,523
65,1,85
210,8,67
22,11,42
218,6,66
71,22,75
77,2,16
38,4,8
197,18,123
78,3,7
15,7,8
183,18,14
232,0,535
249,1,7055
36,2,320
198,3,137
170,8,4279
145,11,348
151,11,1988
65,11,153
116,11,244
17,11,139
75,12,1621
143,13,2531
130,13,223
22,14,36
157,15,43
4,15,247
224,19,617
170,19,8500
70,19,521
82,21,261
132,22,10919
158,6,321
169,8,110
169,11,44
76,17,205
80,7,111
219,11,33
196,10,37
93,15,39
160,11,37
235,6,79
88,6,61
125,7,488
129,8,178
39,8,314
247,9,96
92,10,32
51,10,54
82,12,62
161,13,10307
94,15,18
234,22,8592
174,13,30
28,17,75
134,19,72
129,22,230
185,7,33
47,9,50
14,20,73
71,17,88
95,22,207
193,0,42
145,7,201
25,7,119
164,8,2287
61,10,315
88,11,371
169,12,47
239,15,6595
114,16,2361
79,17,3586
211,22,2596
65,2,45
47,12,31
123,1,6
174,8,48
54,13,10
257,16,28
227,5,38
45,1,302
36,4,253
263,6,1798
265,6,28
50,8,1634
216,8,253
264,10,332
151,10,1953
56,10,40
241,10,32
43,11,2865
29,12,30
130,19,290
125,20,1622
166,22,1233
116,23,378
93,4,11
29,9,30
61,21,338
55,5,23
108,6,21
18,21,45
28,23,64
189,5,38
223,1,63
24,2,51
50,3,249
88,3,75
38,12,17
225,14,143
132,18,10313
116,20,519
151,22,916
69,23,70
25,3,154
201,8,13
168,18,151
46,19,7
112,20,324
250,8,68
21,14,24
202,16,19
32,16,11
16,17,15
80,22,321
146,4,95
74,7,927
62,7,129
88,9,198
262,12,3413
56,14,36
145,17,453
229,19,4759
152,20,348
197,20,134
43,23,809
4,23,1046
195,8,206
226,10,265
182,13,49
6,15,12
85,16,70
215,19,81
139,6,51
259,12,34
21,12,22
94,7,43
165,9,74
259,1,19
16,7,15
50,0,972
262,8,4662
17,8,221
239,9,5379
181,10,124
238,16,4281
144,17,3141
164,18,6863
52,20,105
116,22,412
3,17,18
168,23,205
106,7,17
247,15,122
51,15,32
78,21,38
185,8,49
75,4,189
244,5,113
230,10,5145
51,11,45
48,12,3468
179,12,115
238,14,4446
262,14,2748
264,15,474
232,15,338
225,16,123
230,20,9368
225,9,251
1,16,29
29,16,33
72,6,194
131,8,50
189,8,91
34,10,3
37,0,281
145,0,369
161,2,354
263,4,523
134,8,66
168,8,181
178,8,35
100,9,2370
45,10,238
166,12,1371
66,13,140
130,14,265
236,18,12060
217,18,53
107,19,5591
246,20,5893
170,20,8189
138,3,62
91,10,108
1,19,20
82,2,74
139,7,50
127,15,48
69,18,72
260,0,107
67,6,16
184,21,1
175,11,6
255,6,49
22,18,55
151,3,79
75,6,830
78,8,83
262,9,4560
145,9,312
246,10,2017
155,12,66
265,12,46
166,13,1321
246,15,5007
90,18,4935
114,19,4136
198,5,117
243,12,94
247,22,99
220,8,36
11,9,18
106,11,45
174,14,27
126,17,53
95,21,180
179,1,60
122,4,18
66,8,147
82,5,88
132,1,3740
97,3,57
167,7,136
170,9,4956
76,10,235
129,16,196
135,19,38
265,20,83
148,22,4044
247,2,20
219,12,31
254,12,40
73,8,12
202,14,18
228,20,149
32,5,23
38,9,20
188,22,154
91,0,38
120,18,7
254,1,16
119,2,11
262,3,65
79,6,1055
17,9,205
216,13,197
12,15,221
133,15,26
205,21,31
125,23,1181
32,9,24
146,13,129
193,22,36
196,8,72
210,17,42
207,20,6
27,22,4
191,17,24
91,3,38
217,10,28
240,7,10
133,20,41
257,6,16
203,11,13
193,5,43
200,15,9
34,0,14
116,3,62
163,3,367
43,9,2109
152,9,205
260,11,89
244,14,358
112,15,87
25,16,191
93,21,35
168,7,165
101,8,17
40,11,35
20,23,16
59,10,6
257,17,40
32,20,21
95,4,37
149,9,18
200,19,21
211,0,1832
148,3,3290
79,4,2075
13,4,69
76,5,179
108,5,12
87,6,237
75,10,1388
259,10,41
71,10,113
243,11,98
112,11,60
65,12,207
264,13,440
148,14,1231
68,20,7825
25,20,316
256,20,415
244,22,376
244,2,38
106,8,52
192,16,11
131,22,27
92,4,50
70,6,37
210,12,40
220,17,42
227,13,28
256,8,145
139,20,22
62,3,20
236,5,561
129,5,144
50,6,438
238,7,3103
257,7,54
140,11,4934
113,11,2244
114,12,1334
52,16,52
226,17,489
135,18,35
143,22,1544
137,23,2032
180,6,15
81,9,53
129,15,158
219,5,53
76,6,275
197,11,100
131,17,45
208,1,10
201,4,11
126,8,84
228,1,46
150,6,7
138,10,6331
152,12,175
112,12,72
45,13,392
232,13,339
100,15,2867
100,17,4133
234,20,9497
62,16,78
83,7,74
256,7,122
21,7,32
133,13,48
45,6,62
53,10,9
14,23,68
149,17,23
209,2,189
181,3,57
220,5,11
265,8,30
197,8,245
126,10,31
33,14,186
124,15,27
188,16,217
138,19,7038
209,22,598
223,22,208
256,22,574
123,12,48
265,15,71
139,10,20
28,11,33
150,7,18
202,10,17
70,4,28
153,6,7
201,17,13
198,22,119
22,0,22
144,3,1741
4,3,571
230,5,795
79,7,1805
170,7,2501
258,9,66
263,12,4055
162,13,6610
95,13,118
48,15,3478
51,16,21
161,17,16481
234,18,9068
151,18,2566
88,19,1079
82,20,302
70,21,963
113,21,4848
140,23,1119
213,4,42
191,7,75
215,13,95
139,15,18
167,9,64
191,13,38
247,14,85
241,8,98
194,8,7
92,11,25
198,12,54
182,17,31
204,14,1
67,14,22
259,11,36
121,8,35
170,12,5873
261,12,1230
112,19,425
198,6,116
49,18,232
212,22,25
165,12,55
201,15,10
37,19,276
133,5,19
40,7,80
93,13,23
200,20,27
138,0,3732
34,2,41
126,2,17
82,4,166
261,9,486
137,10,1830
29,10,26
7,12,224
47,13,44
246,14,4586
162,14,7383
142,15,6666
158,19,2891
70,20,755
49,21,150
37,23,306
78,7,72
157,13,39
201,10,7
49,19,258
207,11,34
26,11,61
168,20,230
230,0,4388
130,6,129
113,7,1129
119,9,70
70,14,833
134,17,77
4,20,603
202,20,16
98,5,17
18,6,69
155,16,56
12,21,19
14,6,50
205,16,57
193,1,20
43,4,50
260,5,94
38,7,32
138,7,1314
35,8,304
182,11,47
117,12,26
181,17,275
216,19,177
88,20,1017
246,23,2317
191,23,56
24,3,56
138,6,109
173,13,25
10,19,101
72,0,63
139,5,15
51,6,79
85,12,63
200,14,7
77,6,72
169,7,90
194,22,86
177,15,87
175,2,1
37,22,250
169,22,65
64,9,9
159,1,22
75,3,100
113,5,238
166,7,764
182,8,136
193,9,141
234,11,4349
7,11,206
55,14,43
262,15,2961
45,19,634
50,23,1163
71,7,202
154,10,3
93,10,25
165,16,45
228,14,69
195,19,90
220,22,32
134,3,21
154,11,2
262,10,3826
211,12,1234
127,14,69
168,15,175
144,16,2621
55,15,44
261,16,1668
7,16,243
141,17,5614
13,18,2686
52,18,103
79,21,9297
162,21,8022
146,21,138
256,23,448
117,16,17
77,14,59
101,6,17
14,19,105
154,14,3
62,19,128
124,20,42
257,9,34
14,0,53
143,1,157
114,3,1999
163,6,660
210,7,62
71,9,147
148,11,763
79,12,2387
158,15,1757
144,15,2461
82,17,180
230,21,13435
68,22,6936
113,23,3361
42,3,103
200,8,39
157,19,66
204,22,1
62,22,75
3,11,11
242,7,44
250,9,34
23,18,1
147,21,22
90,23,3488
114,2,3501
230,4,886
226,6,360
91,8,201
71,13,97
131,14,23
89,13,166
106,5,15
175,4,5
49,1,57
142,2,211
81,3,13
155,9,64
142,10,5053
43,10,2621
79,11,2215
93,11,20
107,12,3475
262,17,3362
216,18,148
160,18,58
155,18,78
209,20,762
65,21,266
92,5,31
12,14,158
98,15,10
242,10,27
101,12,13
18,5,19
183,6,29
130,21,246
205,20,44
147,18,28
194,20,12
169,2,12
147,20,38
116,2,55
265,4,42
167,10,51
41,14,834
41,15,885
70,15,810
146,16,155
130,18,316
232,19,712
97,22,743
112,23,503
250,4,25
174,16,38
175,18,14
208,5,19
63,16,66
127,19,99
144,1,2843
78,2,10
20,5,25
33,9,192
162,10,5386
66,12,115
32,13,14
248,14,31
89,14,194
102,18,39
226,23,325
63,6,72
18,15,37
146,0,141
21,0,23
21,8,45
149,15,28
4,6,237
131,21,15
175,7,15
248,8,111
201,9,14
193,6,88
243,7,152
211,9,553
254,9,94
203,9,21
232,23,598
17,23,224
36,6,103
72,15,156
223,6,55
196,21,72
63,15,58
259,16,24
188,19,253
201,6,5
142,0,2137
97,1,112
48,23,7256
139,2,11
232,5,149
203,7,56
158,9,887
188,11,158
127,18,98
66,18,433
140,19,4786
125,19,1736
101,19,10
97,19,374
4,21,671
224,5,126
194,17,14
136,13,23
55,13,38
189,17,91
203,13,16
222,15,40
71,16,83
218,20,36
250,17,45
255,11,46
98,13,11
228,17,128
12,0,6
166,1,207
100,2,532
264,2,71
13,3,29
237,6,1194
224,6,285
249,8,2283
87,8,727
91,9,201
139,9,23
247,11,68
159,13,80
203,14,18
213,16,41
137,17,2884
81,18,28
107,21,5722
231,23,2999
189,1,51
190,16,22
89,20,203
189,6,42
169,17,49
191,20,30
168,4,132
98,10,14
122,10,14
198,18,90
126,12,24
77,22,57
248,11,24
93,1,17
65,4,44
142,7,2656
186,7,4945
261,8,420
238,9,4976
209,9,164
168,9,108
224,13,369
21,13,29
158,17,2395
125,18,1750
66,19,381
238,20,3403
155,10,44
243,21,148
220,6,13
129,11,117
102,11,21
26,21,66
160,5,33
212,11,36
218,16,31
100,23,2600
249,5,451
216,5,140
43,8,1498
265,13,70
239,17,7607
90,19,4904
163,22,7833
209,6,53
36,16,65
130,4,127
205,14,107
189,16,67
19,6,25
38,22,10
122,12,14
202,23,18
140,0,754
161,3,279
141,3,442
261,6,113
249,9,2315
97,11,132
100,13,2731
75,13,1644
258,14,62
236,21,5652
90,21,4653
218,23,46
93,6,21
124,9,31
7,17,365
219,0,47
260,3,108
28,9,43
191,16,26
108,14,26
216,0,124
123,7,49
257,10,17
135,20,40
158,2,1862
130,2,119
237,5,400
143,6,836
211,7,306
229,13,4041
136,15,31
222,17,17
249,21,8839
43,21,2179
164,21,6728
47,8,71
85,7,110
200,13,14
227,16,48
200,10,11
128,13,3
243,19,268
78,15,48
242,8,39
217,2,20
157,4,325
229,8,3191
52,10,58
211,16,2409
79,19,6529
138,20,6646
87,22,1672
226,22,319
157,23,36
102,0,33
168,17,166
60,19,37
260,19,216
18,11,28
82,13,67
106,18,101
117,15,13
78,1,24
31,9,7
79,0,10383
112,0,447
70,9,493
78,9,71
229,10,3562
205,15,77
148,18,2287
48,18,6601
262,19,2605
256,19,434
237,23,3828
77,5,52
202,13,20
76,0,155
124,14,28
49,16,141
215,18,56
119,20,33
90,0,3066
262,2,76
125,3,402
244,6,157
129,7,258
38,10,14
209,11,249
90,14,3167
35,14,143
1,18,27
13,23,346
40,10,56
189,14,50
228,7,78
81,22,25
96,23,4
171,23,24
94,18,20
65,0,183
114,1,5806
142,5,457
12,12,124
138,13,6754
11,13,14
76,14,266
192,15,15
255,15,99
25,18,322
7,18,551
186,20,7807
169,9,87
122,19,19
77,7,105
147,4,12
12,8,14
112,7,90
194,10,13
227,14,37
159,22,64
195,18,69
107,9,3545
17,12,114
231,13,2515
80,13,81
179,14,108
37,15,110
163,16,7380
186,17,8190
261,17,1754
265,17,97
145,19,665
240,20,4
52,22,113
152,23,229
212,5,30
154,9,2
153,20,17
3,6,33
258,20,73
191,19,37
197,4,111
183,12,8
116,0,245
179,2,28
186,4,556
55,7,72
76,9,315
13,11,1112
40,20,115
42,23,495
173,4,62
149,13,32
171,15,12
254,17,31
95,16,150
39,20,131
95,23,192
183,5,11
154,15,5
151,0,373
127,1,36
211,3,523
233,4,246
181,4,42
264,5,46
164,5,503
83,5,40
148,6,243
219,6,53
93,8,15
132,9,3776
226,11,259
168,11,106
90,12,2801
231,12,2368
119,16,35
83,16,52
135,17,21
50,20,1427
211,20,2787
41,22,800
145,23,389
7,5,204
185,13,20
192,11,13
29,11,23
160,7,69
98,9,9
173,18,39
29,19,33
86,3,14
232,4,174
140,5,442
72,5,129
24,6,220
209,7,78
82,9,81
232,10,263
37,13,129
79,14,2805
97,14,171
166,15,1433
256,15,121
186,16,6801
166,17,2017
189,19,162
212,21,24
205,7,126
235,9,84
248,12,24
25,6,94
149,6,38
258,7,151
242,13,34
91,18,82
76,22,249
40,13,28
254,14,49
227,17,36
220,1,13
157,17,45
184,19,2
138,2,186
37,3,349
112,3,240
13,6,252
80,9,103
211,11,885
145,12,338
114,13,1621
256,14,81
107,22,5558
186,22,7720
226,1,134
63,1,44
257,3,11
205,5,77
160,9,33
55,12,87
212,4,41
198,13,54
185,15,15
119,13,39
124,21,40
234,2,1017
233,3,180
162,6,1756
113,8,1920
141,12,5250
71,14,105
170,15,5929
13,16,1865
66,16,218
22,16,34
50,22,1376
70,23,782
147,8,65
153,8,12
225,11,131
197,19,154
123,13,53
91,19,87
101,14,21
160,13,36
258,1,34
143,0,526
170,2,589
257,5,15
161,8,3761
144,9,529
198,10,49
38,11,17
261,13,1557
107,14,3679
1,14,44
225,1,60
134,6,42
97,9,168
159,11,52
149,14,26
37,18,240
200,11,20
85,14,61
185,16,21
153,9,10
246,4,644
215,7,202
202,7,17
85,8,114
250,12,17
263,13,3873
24,13,660
141,16,4911
215,16,99
233,23,1228
56,23,60
223,5,52
159,9,60
97,13,142
207,18,3
36,13,58
16,6,12
49,6,82
182,12,45
34,19,42
108,22,11
40,14,44
194,15,24
237,3,264
163,5,421
233,8,2012
3,9,25
198,9,81
234,13,5496
74,14,823
144,14,2143
61,14,321
145,16,394
39,17,117
164,22,6500
49,22,206
52,1,15
10,9,90
95,10,69
22,10,59
195,12,29
86,14,45
40,16,40
47,16,41
85,4,57
197,6,123
208,7,62
20,8,36
150,14,22
60,17,26
167,17,40
157,18,60
37,21,203
224,4,86
239,4,227
236,6,1972
183,19,14
265,1,51
135,8,48
208,11,10
155,13,72
215,12,79
208,18,26
53,19,18
1,21,9
177,17,89
153,0,8
140,1,368
34,1,13
68,4,874
211,4,298
236,4,183
171,8,42
242,12,37
132,13,6217
249,15,3116
195,17,78
93,17,43
100,20,3548
186,21,8330
158,22,3356
223,2,44
36,11,49
189,7,69
174,4,10
121,10,30
58,4,6
175,3,6
161,23,6303
62,8,151
148,9,786
236,13,10319
75,16,1879
203,15,18
106,17,65
231,19,4961
80,23,351
185,5,10
182,6,118
26,7,54
169,6,71
222,7,53
171,13,11
93,18,33
172,20,3
133,12,42
19,7,24
55,22,23
46,7,3
15,13,7
158,0,3200
68,3,1151
144,7,270
107,10,3105
231,14,2688
39,14,178
43,20,2635
49,20,164
238,21,2972
129,23,259
210,9,55
254,5,74
259,8,87
147,14,35
30,8,1
40,21,100
235,16,40
33,1,71
256,3,368
17,4,105
239,5,635
260,7,158
82,8,96
79,9,2715
70,10,411
11,11,17
186,12,6798
236,12,10867
238,13,4340
25,13,176
35,16,123
225,17,166
141,18,6396
244,19,594
13,21,1490
138,23,6442
220,7,40
39,12,162
123,21,22
69,12,72
11,14,10
120,21,11
205,1,21
76,2,54
225,7,238
244,9,282
63,9,68
213,11,57
225,13,159
242,16,69
1,17,37
136,6,14
154,22,5
16,14,17
47,17,49
67,9,25
201,19,12
19,18,17
259,7,77
31,12,4
21,17,28
200,21,20
236,0,780
43,1,139
24,4,77
33,7,198
144,10,638
68,13,5667
87,14,989
100,16,3421
164,16,5068
54,20,25
141,21,4751
166,21,1442
133,8,96
207,9,21
14,9,61
173,10,17
178,16,15
228,23,79
173,11,19
126,11,34
170,23,3733
75,11,1491
219,14,64
246,16,5817
249,16,3199
234,17,7997
34,6,50
97,7,158
189,9,63
53,15,16
205,18,43
242,9,31
255,7,62
183,8,19
131,11,20
191,14,63
112,13,71
208,15,22
182,22,25
188,3,34
66,0,145
216,4,138
20,7,29
89,9,233
177,10,138
55,11,63
127,12,33
65,14,226
45,16,474
4,19,623
232,21,659
195,21,73
36,21,146
42,21,478
238,22,2074
247,0,89
167,14,59
80,18,183
12,23,11
56,6,48
146,18,273
203,21,8
185,17,24
183,10,8
18,4,32
148,5,360
159,8,102
166,11,1023
130,11,113
89,11,153
188,13,175
265,14,98
24,20,585
127,21,66
74,22,603
152,0,145
85,5,54
196,9,36
171,1,15
121,16,38
39,5,130
32,22,22
181,5,61
20,1,12
171,10,10
64,11,3
205,22,39
54,16,15
159,18,66
261,1,193
48,3,1781
261,4,84
158,8,1099
132,10,4179
113,10,1976
48,10,3616
139,13,18
68,15,6049
238,17,5076
209,17,495
243,17,161
18,17,41
61,17,307
237,18,13525
142,19,7777
24,19,725
148,21,3550
233,22,1816
88,22,907
202,15,17
196,18,112
123,16,48
160,0,30
6,10,2
234,0,4168
92,0,103
234,1,2313
224,3,106
80,4,288
244,10,244
237,13,11133
86,13,41
230,17,9374
163,17,8292
263,17,4304
48,20,6552
244,20,544
231,22,3711
95,12,91
191,12,30
62,12,87
146,20,209
220,4,11
180,14,38
32,15,19
205,17,51
235,20,67
241,11,26
63,21,71
13,0,211
75,1,200
162,2,365
45,3,112
249,6,760
12,9,19
72,9,198
225,10,160
48,11,3465
114,11,1048
151,13,2108
260,13,116
68,14,5617
255,14,77
260,16,149
91,16,80
17,21,194
255,21,562
89,0,90
40,1,32
37,6,171
254,15,42
76,21,236
187,22,1
146,7,146
85,11,52
131,16,32
17,17,194
35,21,119
217,12,29
136,22,35
133,14,35
162,1,813
231,2,816
261,5,79
65,5,54
167,6,91
7,8,351
185,9,16
26,10,86
132,12,6010
28,12,43
144,13,1847
186,14,6434
92,15,57
125,16,1107
216,20,124
34,21,19
89,23,187
83,18,69
81,20,12
69,7,160
185,11,21
182,5,49
131,7,78
20,10,15
22,7,61
16,19,18
70,0,523
243,0,108
157,2,125
246,8,1425
232,8,438
263,9,4077
74,11,594
218,11,44
159,12,46
209,13,330
197,13,161
159,16,85
50,17,1517
65,17,391
74,19,1011
231,20,4481
236,20,7007
241,22,34
257,18,50
207,19,6
255,10,44
168,12,101
139,17,21
181,19,430
227,9,28
135,12,18
18,7,74
175,19,8
171,16,6
13,2,39
48,5,1282
89,5,104
80,6,107
97,6,113
222,8,81
140,9,4397
233,11,2653
108,12,27
7,13,228
177,14,110
148,15,1243
106,16,41
145,18,627
148,20,3153
45,23,477
210,6,42
265,7,38
83,13,54
95,17,168
76,18,229
56,21,57
78,16,30
131,6,62
149,8,42
192,12,13
106,15,25
22,21,32
92,20,122
95,1,55
246,0,1513
222,11,61
161,12,8922
151,12,1988
163,20,7320
242,21,34
1,12,20
95,7,182
36,7,99
98,12,18
212,12,31
37,10,156
117,19,20
257,23,34
208,13,33
233,0,666
261,2,92
65,7,139
141,8,4642
226,12,261
263,15,3771
233,15,2517
264,22,336
101,7,6
205,8,150
32,14,29
85,15,44
212,3,13
254,6,97
134,10,45
18,13,27
83,22,58
147,6,28
83,9,40
242,20,35
10,3,28
261,0,348
260,4,134
254,8,134
229,9,3395
256,10,71
239,11,5802
65,15,257
93,19,36
60,7,50
130,7,143
165,18,66
39,18,111
83,4,71
124,5,12
203,6,49
217,7,22
131,10,21
130,12,131
26,13,72
242,15,43
205,10,42
197,0,114
238,2,166
163,4,379
237,4,233
76,8,410
211,10,669
90,11,2627
241,14,40
24,15,580
90,22,4182
25,12,158
72,14,152
159,20,111
62,0,75
178,6,14
95,20,227
227,21,27
262,0,303
264,0,193
50,1,434
215,4,53
35,5,149
166,6,338
181,7,99
74,9,748
125,9,679
41,9,771
100,10,2409
116,10,230
37,12,130
166,14,1351
181,15,160
66,15,166
35,20,148
182,18,42
194,21,40
117,11,24
22,13,45
152,5,77
34,3,111
48,4,1550
217,4,17
43,5,99
230,6,1037
215,8,168
25,9,138
186,11,7363
43,12,3725
4,14,270
216,16,180
161,19,14567
152,1,73
136,5,11
149,20,24
182,23,12
188,12,178
139,16,34
181,9,133
91,4,49
82,10,53
72,17,106
131,9,29
73,7,11
139,19,17
224,1,167
1,5,9
135,10,21
193,11,138
246,12,3186
107,18,5343
180,18,43
55,19,53
80,20,257
234,21,9344
239,23,2839
151,23,599
215,23,59
222,5,20
192,7,21
252,11,8
193,12,177
254,18,41
67,12,20
180,20,36
86,18,16
91,21,68
98,6,15
82,0,126
145,6,199
165,6,34
37,7,187
42,11,379
67,11,22
77,12,49
148,13,1099
262,13,3128
41,13,856
196,17,90
141,20,5442
72,19,96
209,21,736
28,13,63
25,14,171
157,20,58
174,19,40
160,10,36
119,17,33
107,2,1158
186,5,1522
211,6,115
222,10,70
97,12,140
48,14,3733
233,18,3977
54,21,26
144,22,3250
70,22,861
102,7,45
119,12,29
123,17,50
52,19,144
150,16,24
125,0,916
107,3,911
264,4,38
113,6,505
55,10,90
224,12,429
32,12,16
50,16,1279
86,16,29
50,18,1947
229,18,5249
74,21,714
45,22,565
160,22,40
17,22,249
39,7,274
102,10,22
154,16,5
81,6,44
127,8,80
60,9,37
72,18,90
200,5,7
256,11,72
190,3,4
249,2,4029
50,5,302
259,9,69
13,14,1527
130,15,293
68,16,6248
42,16,444
65,16,310
148,17,1648
203,18,22
93,20,33
33,3,15
193,20,66
134,13,53
112,16,98
192,8,10
46,10,4
248,17,23
254,20,52
160,6,49
209,0,525
33,0,165
164,7,1169
186,10,6763
215,11,54
78,11,45
216,12,157
224,14,276
233,17,3625
224,17,351
41,18,1354
223,21,192
216,21,122
255,12,56
168,3,64
227,6,27
49,7,114
255,13,49
159,15,63
20,16,28
20,9,30
19,21,8
54,17,23
179,3,21
247,1,40
256,2,349
138,12,5563
151,14,2075
208,16,21
24,22,461
146,22,196
37,2,280
177,9,150
108,9,37
10,12,56
215,20,71
217,22,49
254,0,23
198,15,61
223,18,173
71,23,55
175,17,10
12,18,45
147,17,25
106,3,17
178,13,7
259,20,21
61,1,119
79,2,5516
50,2,277
36,5,165
90,6,657
141,7,3321
234,8,2573
196,11,48
92,13,34
151,15,1919
224,18,620
161,21,13858
85,22,78
10,22,102
69,8,151
112,8,165
51,17,53
195,4,6
14,7,176
37,8,207
174,15,35
31,14,6
248,5,24
254,4,26
222,22,27
36,0,231
45,2,150
137,6,707
52,7,115
228,8,85
81,8,65
186,9,7098
246,9,1577
33,11,162
231,15,2926
75,15,1807
52,15,52
264,17,494
239,21,6376
262,23,600
218,7,61
201,7,17
178,11,15
29,15,34
122,6,49
135,13,19
157,16,55
123,6,19
173,14,26
117,4,17
201,13,6
153,12,5
6,14,4
16,10,6
255,0,852
246,3,1443
49,3,30
166,5,181
61,8,486
218,12,42
145,13,315
218,14,56
193,14,189
52,21,78
72,7,215
78,12,33
92,14,41
117,17,14
72,16,108
171,0,26
29,7,29
9,18,6
19,9,27
119,3,12
127,20,95
161,22,11750
223,0,118
141,6,1333
63,8,99
223,14,76
247,16,129
216,17,166
151,21,1215
243,22,193
141,23,2414
225,23,179
179,4,44
130,5,77
122,8,47
1,15,37
39,21,108
66,7,95
32,18,18
189,21,136
9,15,6
127,7,52
28,3,26
118,10,1
212,23,24
64,10,5
170,0,2521
168,0,145
244,7,450
234,12,4967
230,13,5364
164,14,4404
132,15,11389
107,17,4383
161,18,16452
14,18,95
226,19,513
233,21,2512
24,23,315
188,6,241
130,20,321
106,10,34
9,14,7
177,18,125
190,20,18
69,21,83
174,0,28
237,1,833
233,1,365
48,2,1980
236,2,132
256,4,236
209,4,74
144,8,553
123,10,27
246,11,2688
135,11,29
141,13,5480
65,13,221
145,14,287
261,14,1554
264,14,582
146,19,278
61,19,438
130,22,291
133,22,38
135,6,51
212,20,40
102,21,49
174,7,44
167,16,43
17,20,238
163,0,2213
130,3,127
140,6,1065
158,11,948
143,11,2636
14,12,66
43,13,4002
47,14,41
90,15,3022
150,15,23
48,16,4225
249,17,3931
152,18,420
113,19,4358
163,21,7926
264,23,283
219,23,68
168,5,127
36,8,84
260,9,93
94,12,18
65,19,435
194,0,3
191,0,34
35,6,125
58,7,5
243,3,39
250,5,23
208,14,9
218,18,28
255,2,594
7,7,360
51,8,70
230,9,4320
144,12,1358
230,14,5640
125,17,1530
120,19,9
129,19,260
65,20,368
125,21,1536
144,23,2889
106,13,32
247,19,111
210,18,39
258,5,49
133,6,41
3,12,14
259,14,38
164,0,3608
215,0,58
138,1,936
148,2,4292
61,7,390
87,10,750
152,10,166
74,13,756
244,13,334
140,17,5974
238,18,5466
132,19,11234
260,20,193
226,20,431
41,23,735
67,0,13
122,14,21
89,18,240
177,7,168
32,7,48
83,12,31
32,21,16
47,6,46
3,8,42
78,10,45
188,21,173
210,4,11
190,1,7
164,2,1049
116,6,301
157,6,206
42,9,537
69,11,63
10,11,54
1,13,26
108,15,21
255,23,741
159,10,51
217,11,32
93,16,42
119,4,25
95,6,95
191,9,54
157,14,56
94,5,22
78,17,26
177,4,64
24,0,204
97,0,232
4,2,1055
229,2,403
137,2,482
261,3,65
216,3,115
244,3,34
51,4,33
68,5,510
75,9,1455
239,13,6524
24,14,619
212,13,34
163,14,6150
106,14,48
17,15,143
10,17,90
197,17,151
65,18,454
209,19,702
232,20,672
215,21,56
49,23,210
218,5,45
63,10,71
220,14,27
203,10,21
180,10,17
207,2,1
265,9,41
33,4,20
131,23,25
98,22,18
3,4,21
239,22,4434
141,1,832
246,1,1247
107,4,617
138,4,106
141,11,4865
7,10,226
142,12,6208
113,13,2674
234,16,6713
24,16,544
6,16,11
92,16,32
4,18,583
114,21,6351
241,13,28
225,15,125
212,2,5
36,15,51
56,12,31
39,15,138
254,22,46
102,8,48
134,12,62
19,15,21
155,15,57
242,17,51
60,14,28
35,22,107
232,1,351
151,9,2015
202,9,17
243,9,128
228,9,70
75,14,1770
75,17,1900
96,20,8
85,3,26
61,6,312
196,6,42
29,6,18
63,17,69
218,22,31
215,1,31
228,4,45
202,6,11
116,1,117
142,3,169
4,4,239
66,4,28
233,6,747
189,11,51
13,12,1278
61,12,315
142,13,6214
45,14,426
116,14,271
143,15,2717
33,16,205
231,17,4327
246,18,7186
210,21,34
82,7,135
177,11,112
62,13,123
247,23,107
246,5,130
185,14,14
140,2,173
87,3,178
97,4,66
263,7,3265
264,8,359
161,10,6708
138,11,5586
50,11,1134
116,12,227
239,14,6699
89,15,135
230,16,8152
233,16,2863
25,23,310
77,9,88
80,8,128
173,16,31
86,20,23
108,11,18
213,18,45
170,1,1226
43,2,51
17,5,111
143,8,3204
224,8,520
68,10,3975
164,10,3249
10,10,62
12,11,81
164,17,5907
88,17,1196
248,19,20
21,9,50
123,15,41
64,21,14
95,5,55
160,15,46
40,18,108
82,1,83
235,4,24
136,7,45
133,7,78
113,0,2451
107,6,1206
264,6,160
65,6,63
161,7,2432
49,8,213
189,10,37
163,11,5135
95,11,100
12,13,158
10,14,101
143,17,3011
70,18,567
239,19,6448
264,19,495
246,21,5135
258,21,49
265,10,40
182,16,26
33,6,78
155,4,10
123,8,49
250,14,29
128,15,2
94,4,17
213,1,18
211,1,1588
66,2,46
68,7,1680
231,7,1032
45,8,129
45,11,315
232,14,321
244,15,353
43,18,3144
13,22,747
189,2,14
52,8,157
222,13,44
215,14,99
165,14,51
188,23,133
223,3,42
180,16,33
207,23,2
153,17,11
126,20,41
89,4,68
56,19,80
108,23,15
80,0,318
74,0,320
263,1,942
130,1,241
143,2,81
90,3,984
50,7,815
10,7,152
137,9,1716
127,9,41
164,13,4300
236,15,11976
146,15,112
226,21,350
236,22,3542
40,22,130
166,3,87
228,11,74
60,13,30
259,6,67
175,14,9
3,16,14
222,20,23
253,10,5
165,19,45
197,23,121
111,14,1
228,0,67
107,23,4331
244,0,221
211,5,125
85,13,73
13,17,2701
97,17,234
33,18,481
265,23,98
223,17,106
124,17,26
179,18,228
52,6,25
82,14,112
81,16,17
20,17,24
154,17,3
161,0,2582
144,2,2359
132,2,1529
263,5,810
234,5,305
67,5,18
236,8,8932
166,9,940
45,15,459
41,19,1285
116,21,371
3,0,11
150,10,12
181,14,132
76,15,241
20,6,17
159,7,105
157,8,105
12,10,26
119,5,33
219,7,52
149,5,9
155,22,52
114,0,6397
263,0,1653
256,1,420
255,3,531
137,5,396
231,11,2163
74,15,790
74,16,806
12,16,178
97,18,387
13,19,2357
152,21,291
181,2,63
225,3,89
62,5,60
225,20,202
188,15,173
134,23,49
200,16,10
226,0,252
229,7,2213
116,9,351
81,10,31
244,11,231
237,14,12623
141,14,5314
134,15,65
260,15,138
255,16,104
25,17,270
219,13,30
102,19,50
67,22,6
178,5,8
63,12,43
10,0,58
78,19,45
1,6,18
106,12,22
107,1,2143
4,1,1479
173,2,27
74,4,169
74,5,332
68,9,3675
218,10,43
62,10,92
100,12,2679
93,14,30
192,17,7
142,21,10099
211,21,2596
40,4,9
202,11,21
42,6,484
192,14,12
1,10,12
85,17,82
248,3,12
53,11,5
14,5,36
34,18,49
68,1,2017
13,1,82
250,13,35
25,15,169
116,15,258
166,19,1954
262,20,1727
142,22,10248
112,22,506
93,3,4
126,7,51
165,11,62
123,14,54
85,2,19
3,7,29
258,6,98
194,23,15
53,8,21
6,9,5
88,1,398
188,5,164
140,7,2790
70,8,367
130,8,140
78,13,59
226,15,421
114,17,2700
224,20,490
179,21,118
82,23,188
60,6,46
157,7,134
178,15,14
201,5,7
191,8,87
220,12,27
124,12,23
201,23,12
229,4,339
232,7,295
113,9,1964
174,10,32
238,11,4499
152,11,163
13,13,1470
263,19,4740
249,20,7636
75,20,1426
41,21,1019
114,22,6210
138,22,6102
159,0,57
80,5,197
108,10,45
32,11,17
92,12,36
85,19,99
146,23,203
121,15,39
49,17,188
16,5,5
160,16,37
26,2,11
117,7,75
197,2,52
113,1,1813
186,6,3001
43,6,347
177,8,199
56,8,89
45,9,212
132,14,9740
250,15,39
137,16,2720
233,19,3726
12,22,20
243,2,47
196,15,61
217,17,32
20,19,30
72,4,80
180,21,42
76,23,288
212,10,47
183,14,9
181,0,318
145,1,157
163,2,412
265,3,56
141,4,490
170,4,447
231,6,384
247,8,123
264,9,356
66,9,81
35,9,161
179,10,137
18,12,34
88,14,692
229,16,3177
43,16,4759
197,16,268
17,16,146
246,19,6165
166,20,1827
229,21,3989
263,21,4091
146,1,66
129,4,312
91,11,99
26,17,83
60,18,17
52,12,53
173,1,22
19,8,26
262,7,3786
144,6,131
4,8,510
60,8,62
219,9,38
238,10,4618
31,10,3
247,10,65
35,12,123
4,16,193
168,16,144
236,19,8821
237,20,10251
136,10,23
26,14,73
243,23,196
171,12,10
52,17,65
135,16,22
219,18,43
31,8,6
129,20,337
80,15,81
98,4,7
58,5,4
130,0,296
263,3,395
24,8,749
231,8,1652
62,9,143
256,17,182
42,17,561
244,18,546
264,21,418
25,5,75
257,12,23
91,5,53
259,15,26
220,11,25
190,12,11
167,12,56
67,17,22
247,20,178
60,23,30
252,12,7
165,17,58
52,23,68
19,10,14
203,23,24
133,4,15
217,19,46
158,1,2915
236,3,100
125,5,140
125,8,730
226,9,247
260,10,90
113,12,2573
164,15,4658
116,16,231
24,18,817
42,19,763
13,20,1859
197,7,321
62,20,115
157,9,58
227,10,26
11,12,17
22,12,36
202,22,18
207,22,5
190,0,11
17,0,174
94,13,19
45,0,394
114,23,6223
230,2,1029
225,4,111
262,6,1901
140,8,4469
223,8,88
14,8,151
161,16,13510
243,15,125
155,17,44
232,18,632
186,19,7973
238,23,1289
65,3,37
246,6,275
171,7,23
198,7,107
252,8,20
179,11,121
37,16,134
129,17,237
98,11,12
60,15,27
26,6,16
191,11,25
173,7,35
60,20,34
3,23,12
237,0,1849
42,1,189
37,1,278
4,5,151
239,8,5344
142,9,4467
263,10,3853
265,11,64
209,12,275
260,12,73
146,12,145
127,17,50
82,18,234
249,19,6100
144,21,3618
10,21,91
28,14,61
39,6,232
26,15,82
242,11,30
227,12,37
159,23,58
154,7,5
100,0,1891
43,0,433
100,3,461
226,13,305
228,15,111
79,16,2820
42,18,712
46,18,5
219,19,55
151,20,1590
47,20,41
95,14,127
101,16,35
34,23,18
190,6,11
119,11,23
181,21,393
22,4,14
52,0,29
137,0,1646
224,0,286
40,0,66
141,2,501
127,3,32
87,5,170
226,5,258
179,7,158
94,8,41
209,16,436
101,17,11
141,22,3600
108,3,1
182,10,51
14,10,62
16,13,10
80,17,114
191,18,35
139,14,18
201,11,5
231,0,2326
186,3,628
236,9,9384
220,9,26
74,10,586
144,11,938
155,11,59
239,12,6455
263,14,3748
179,16,96
130,16,286
14,17,81
260,18,190
95,18,217
154,18,5
63,14,49
174,17,31
56,22,67
92,7,19
7,0,349
75,2,122
148,4,1622
249,7,1411
138,15,7637
244,16,346
142,17,7650
116,17,294
164,20,7212
194,9,5
259,4,23
182,4,23
196,13,52
224,2,119
114,4,713
152,6,165
7,6,245
55,8,98
146,9,145
231,10,1896
85,10,74
163,12,5438
48,13,3451
83,14,40
238,15,4819
191,15,32
162,18,11879
33,20,343
145,2,100
25,4,144
29,8,30
10,23,90
219,4,20
98,7,10
158,23,3167
226,4,263
45,7,99
148,8,781
218,8,67
146,10,153
49,10,135
247,12,69
62,15,95
107,16,3686
144,20,3616
42,20,759
159,21,61
93,2,3
134,4,30
213,10,61
97,15,153
33,23,216
122,7,47
194,13,7
95,15,109
256,0,448
234,3,668
24,7,535
42,7,913
209,8,166
149,12,32
213,13,54
145,15,345
229,17,4124
159,19,61
244,23,428
34,11,8
19,11,28
34,14,22
16,12,7
134,0,47
200,17,21
41,4,190
71,5,79
238,8,4806
164,9,2749
250,10,34
145,10,301
91,12,98
216,14,226
264,16,470
211,18,2963
235,18,33
152,22,254
134,22,55
63,3,36
256,12,69
155,0,22
210,19,40
134,20,46
22,1,13
119,6,63
131,13,36
11,10,11
22,3,6
70,1,158
39,4,54
88,7,95
75,8,1646
188,8,271
61,9,406
224,10,481
125,11,774
90,16,3118
45,17,482
33,19,451
202,19,13
107,20,5883
264,20,433
243,20,233
97,5,95
81,15,22
127,16,44
160,19,62
53,9,21
53,22,25
126,0,37
55,18,42
180,23,47
148,0,5382
231,1,1495
87,4,190
151,6,662
151,8,2111
10,8,152
230,11,5907
41,12,703
4,12,246
140,15,5820
87,17,2005
167,22,45
26,9,81
155,7,63
207,12,61
56,13,42
147,16,25
213,5,64
220,21,35
178,12,9
259,17,30
117,22,20
160,23,48
96,21,5
199,20,1
25,0,264
164,1,2146
88,4,50
74,6,580
114,6,218
142,8,4316
25,8,194
48,9,3754
148,10,668
236,11,9869
229,11,3590
210,14,77
169,14,78
261,15,1716
193,15,148
219,16,63
56,16,43
74,18,1047
137,19,3448
225,6,186
121,9,24
28,6,76
215,15,73
56,1,23
149,23,24
35,1,36
208,17,23
250,20,29
150,8,15
108,1,9
64,12,5
57,7,4
120,14,7
9,16,9
202,21,16
253,18,2
208,12,22
26,20,70
47,23,24
58,20,3
56,4,37
17,3,57
200,2,4
63,4,49
115,13,2
190,9,16
180,17,37
6,22,4
8,9,2
252,6,7
250,2,7
235,0,26
240,15,7
194,14,12
62,23,79
22,23,34
207,14,8
149,19,35
196,5,29
120,15,1
39,3,41
192,6,15
167,4,25
220,20,48
14,16,41
205,23,47
250,18,40
31,13,6
189,12,43
1,2,1
23,21,3
64,13,3
178,10,15
212,14,38
257,8,56
53,18,13
96,1,2
250,19,29
180,19,36
201,16,4
178,17,18
241,23,32
64,18,5
188,1,56
150,13,11
64,5,7
189,3,22
165,2,8
217,13,23
122,23,17
46,17,5
73,12,6
190,19,28
92,1,28
122,0,12
235,19,52
26,0,30
198,0,91
252,7,14
47,22,23
19,19,10
26,19,95
15,6,3
83,1,28
6,8,8
220,16,20
240,5,2
247,3,12
18,20,63
208,22,47
257,20,38
14,21,61
6,12,6
20,15,23
117,20,26
23,23,3
64,17,4
241,17,27
76,3,73
207,6,4
108,16,10
124,22,48
121,22,24
183,16,7
190,18,27
35,23,114
86,19,23
19,1,5
72,3,38
257,4,3
180,15,16
54,2,6
119,21,48
136,21,25
22,22,31
91,22,91
131,1,13
6,21,3
72,23,74
112,9,105
61,2,78
190,11,8
252,16,15
53,14,12
177,22,104
14,2,17
63,22,63
200,1,3
54,14,7
46,12,1
206,23,2
253,17,2
136,9,36
235,21,54
54,7,21
255,8,80
69,22,78
70,3,18
61,3,94
227,4,14
210,23,29
102,17,31
133,19,70
215,2,23
178,7,23
240,9,6
8,10,2
131,19,29
76,1,99
207,0,3
1,8,3
34,22,21
252,18,19
185,23,29
38,18,12
71,2,16
228,18,156
180,1,45
111,13,1
240,10,2
101,10,3
69,5,43
218,0,24
135,3,12
185,22,23
124,8,31
117,3,8
217,20,53
150,21,13
64,7,6
101,2,5
44,21,1
115,23,1
243,4,54
195,20,79
26,5,6
208,20,33
30,5,1
182,2,7
119,1,14
259,18,27
169,23,54
154,12,2
3,19,17
259,19,21
124,1,15
190,14,23
56,18,68
21,19,30
213,20,65
242,18,52
153,7,8
124,19,39
101,13,13
180,5,10
202,2,6
20,13,21
174,18,29
22,15,31
20,18,26
2,4,1
165,22,21
128,23,5
64,19,6
28,2,20
21,20,16
203,20,16
242,6,20
57,9,6
119,18,31
19,14,22
182,19,29
16,18,17
247,18,111
83,21,52
185,0,8
77,0,56
9,8,8
165,21,31
32,1,8
257,0,23
34,13,19
73,16,5
60,22,36
101,15,39
39,23,116
183,17,6
147,22,28
228,5,50
167,20,37
201,12,12
258,0,54
198,16,51
150,19,21
53,13,12
98,19,11
193,23,49
198,20,151
32,0,9
240,6,5
106,19,103
253,12,5
64,23,12
220,18,57
195,3,5
136,18,19
73,19,5
94,6,23
106,22,136
83,20,80
23,14,1
252,20,35
21,1,13
28,0,46
3,21,17
55,3,12
98,20,9
175,9,9
178,0,9
241,5,16
215,3,29
133,3,13
191,10,22
202,3,10
126,22,33
160,20,55
257,22,18
32,19,22
213,2,10
222,19,24
160,21,54
14,22,70
124,23,37
153,10,6
21,18,22
228,22,79
227,22,24
136,17,23
174,1,12
55,1,13
120,20,6
81,17,17
73,22,8
201,18,11
19,12,16
19,20,13
8,21,1
220,3,11
102,13,26
51,20,64
171,11,14
122,18,8
23,13,3
98,17,15
154,19,9
213,19,45
243,16,109
128,0,1
34,16,44
203,3,5
11,15,8
128,12,5
83,2,19
241,18,32
175,5,7
85,18,63
52,4,4
172,4,1
198,11,46
36,17,87
54,11,13
101,4,11
222,3,7
6,11,4
29,13,25
77,3,19
9,9,9
98,18,11
184,15,2
53,0,26
221,11,6
62,2,16
207,5,3
120,9,6
46,8,3
19,5,12
106,6,25
173,12,11
111,12,2
22,5,11
120,12,2
251,15,1
227,20,47
201,21,9
167,0,15
240,22,6
9,23,10
196,2,4
20,21,29
131,15,30
200,18,23
53,20,17
154,20,3
201,3,4
182,21,24
30,20,1
96,7,8
252,22,23
201,22,10
241,19,39
133,23,32
94,16,16
6,19,2
9,6,3
51,23,20
134,5,22
106,23,116
128,17,11
212,17,38
19,0,17
124,16,28
205,4,39
252,10,13
40,2,12
18,19,45
15,16,6
217,15,32
12,3,4
67,19,18
34,17,39
98,8,9
194,16,8
250,22,27
253,16,3
147,2,7
155,5,30
98,14,12
174,3,6
89,2,30
218,2,9
124,11,27
108,18,18
240,14,4
135,23,36
35,0,85
47,19,28
16,22,20
36,22,196
29,22,18
241,12,28
22,20,37
58,19,4
69,0,49
71,21,68
258,22,53
192,21,14
217,1,14
173,0,40
227,0,20
77,23,73
92,2,23
167,18,51
30,0,3
9,10,3
191,1,22
102,4,17
160,4,20
71,0,46
213,0,22
147,5,22
121,20,23
102,22,43
46,3,3
214,9,3
123,2,9
18,1,16
154,2,3
27,10,1
69,2,11
54,0,7
168,21,143
94,10,11
252,9,16
165,0,21
46,6,1
38,20,11
259,3,11
54,23,19
117,1,3
35,2,30
165,3,5
122,21,6
77,20,52
94,17,19
165,5,8
9,1,3
252,1,2
26,4,10
96,11,1
73,15,2
64,15,7
121,1,16
235,3,11
218,3,12
81,19,16
38,19,7
207,21,1
177,23,110
22,19,42
200,0,4
180,2,29
195,23,48
118,15,4
102,15,24
214,18,4
16,0,23
178,21,9
111,1,1
171,5,8
173,19,49
240,16,8
177,1,44
54,5,6
135,0,22
54,19,28
9,7,7
1,3,2
185,20,19
2,17,2
8,12,1
109,3,1
64,20,8
94,2,4
44,13,1
198,21,98
197,1,58
149,18,35
39,2,25
128,14,3
6,18,4
185,18,17
102,1,11
169,3,12
15,8,10
52,2,8
258,17,49
133,16,27
108,4,8
184,11,1
136,0,26
44,14,1
213,22,41
184,0,2
222,18,19
183,23,10
252,0,15
222,21,21
136,19,30
135,4,11
150,23,23
53,1,9
118,2,2
177,0,94
228,2,19
203,19,24
21,4,11
46,16,4
54,3,2
66,5,22
59,11,2
121,23,25
91,1,33
173,21,63
21,23,18
77,4,44
29,20,29
22,17,40
8,1,1
29,5,4
96,0,8
78,20,40
72,22,93
58,15,3
248,1,8
6,23,4
131,0,23
235,1,21
106,1,48
134,2,13
55,21,28
169,0,37
120,23,6
8,8,1
153,5,8
81,21,21
15,9,4
46,20,4
18,22,43
190,21,19
53,2,5
29,18,23
51,0,23
94,0,18
3,14,5
182,0,14
21,21,16
153,18,20
259,21,19
106,0,86
133,18,64
218,1,9
96,19,3
200,4,3
174,22,18
150,4,3
196,22,70
131,4,25
60,0,21
96,14,3
16,1,18
153,11,2
38,13,14
27,12,1
16,11,7
106,2,29
47,3,5
126,1,20
254,21,30
200,22,15
18,2,7
18,18,44
52,3,4
228,3,37
253,6,3
153,14,6
31,16,11
147,0,26
165,23,29
173,23,61
54,22,42
92,22,127
18,23,31
128,22,7
192,23,21
173,15,39
63,19,73
60,21,31
115,4,1
167,21,35
248,22,19
3,2,2
31,15,10
86,21,19
173,8,32
202,5,6
131,18,28
257,19,41
180,22,41
171,3,6
214,15,2
73,0,8
172,1,3
86,22,17
195,0,27
167,3,30
198,23,133
19,3,4
18,3,14
78,0,28
192,1,6
147,3,14
171,6,6
27,20,3
184,20,1
26,23,53
108,21,9
14,1,29
46,1,4
122,5,26
39,1,49
63,23,77
6,6,5
8,6,2
240,21,8
178,22,6
64,16,7
173,22,38
73,11,4
111,11,3
126,3,8
69,19,44
73,10,4
154,0,3
84,6,2
173,20,55
55,2,5
49,4,56
96,13,5
2,7,2
121,5,23
22,2,13
9,17,7
101,5,18
121,21,16
171,18,15
196,3,13
178,19,20
108,19,7
85,23,84
188,2,28
120,16,1
126,18,40
154,23,4
94,19,18
128,11,2
135,1,8
252,15,13
154,21,2
200,23,20
15,14,6
3,22,13
214,7,6
128,21,2
154,13,1
251,8,1
30,18,2
185,1,6
184,18,3
192,2,2
57,12,1
115,5,5
115,19,1
16,3,3
128,20,8
57,21,9
73,4,4
205,2,10
34,9,6
253,15,3
58,1,1
57,11,1
73,17,1
3,1,8
208,2,14
15,15,5
57,6,2
72,2,23
172,21,1
227,3,7
119,0,21
156,23,1
31,7,8
108,2,3
176,9,1
227,19,29
83,0,41
201,1,4
47,2,7
57,19,7
221,9,1
259,2,4
169,1,18
205,0,22
9,4,1
156,5,2
20,22,21
240,11,2
210,22,26
183,21,9
174,23,36
201,2,5
214,17,1
120,22,4
253,11,2
128,8,3
167,2,10
54,4,7
139,1,14
57,13,3
206,7,3
184,5,1
72,1,26
240,13,5
171,20,20
259,22,21
96,22,4
221,20,2
154,8,2
206,15,1
23,17,3
165,1,6
98,21,14
38,21,8
208,4,8
53,3,3
59,13,1
178,23,3
54,18,25
235,22,42
175,22,9
58,11,3
102,3,17
252,3,1
78,23,34
16,2,8
64,0,6
29,0,16
81,23,18
250,23,45
115,20,3
67,21,9
55,23,36
153,22,14
11,1,4
59,12,1
32,23,24
175,1,3
149,3,2
60,3,2
240,18,1
6,0,2
187,7,1
86,2,9
245,1,1
155,1,9
235,2,6
23,0,1
248,2,6
153,19,14
240,23,5
221,12,1
57,18,3
133,21,23
258,23,75
214,23,3
58,8,2
251,7,1
149,4,7
34,7,12
126,23,46
183,0,5
252,2,2
15,1,3
29,4,1
210,0,26
15,22,7
172,23,1
155,3,9
58,3,3
27,8,2
38,23,19
221,0,1
212,19,27
221,18,1
36,19,183
252,23,19
57,14,1
242,3,12
192,5,13
214,10,1
98,16,2
59,14,1
64,3,1
46,4,1
73,1,5
192,18,6
192,22,27
120,10,3
192,3,3
32,4,8
54,6,8
23,12,1
200,3,3
212,0,23
250,3,14
11,16,7
58,12,1
136,4,16
183,1,3
38,3,3
102,2,4
222,23,26
94,23,17
98,3,1
120,6,3
214,0,1
206,13,1
77,19,46
39,0,65
149,22,22
6,5,6
242,2,12
57,22,3
160,3,11
220,23,36
31,11,2
178,20,15
118,0,2
20,3,2
172,5,3
184,14,1
111,19,1
19,22,15
111,0,1
184,3,2
86,0,22
136,1,11
57,4,3
11,4,1
111,22,1
172,6,3
240,19,2
46,11,3
73,23,10
214,4,1
96,15,2
128,10,2
250,21,18
195,1,13
149,1,9
126,21,41
108,0,9
101,23,12
120,0,2
118,23,2
46,0,3
102,20,57
59,16,2
30,13,2
214,20,3
253,20,2
178,3,1
121,0,24
101,9,3
214,22,2
222,2,4
15,2,1
178,1,6
31,17,7
133,0,17
190,7,8
27,11,1
172,14,1
23,19,2
122,1,4
53,4,8
108,20,22
221,19,2
187,16,2
57,3,3
213,23,39
60,1,12
156,11,1
27,18,2
123,22,24
259,23,25
3,20,21
241,2,5
214,1,1
58,21,1
258,19,46
259,0,10
139,3,8
118,18,1
131,3,12
171,21,20
118,21,1
94,1,9
150,2,3
12,5,1
54,1,2
172,9,2
221,14,2
118,7,3
21,3,18
73,13,3
245,12,1
59,22,4
150,0,19
58,0,2
57,5,4
30,17,4
240,4,2
5,12,1
21,2,6
210,20,33
253,19,1
9,21,5
206,4,1
29,21,17
214,12,2
46,15,2
91,2,16
123,3,6
3,3,5
250,0,18
96,17,6
47,1,10
9,3,2
11,21,6
96,4,2
123,4,3
227,1,13
23,20,3
190,23,15
9,2,1
254,3,9
111,18,1
128,7,6
150,1,11
245,3,1
73,2,4
227,2,6
46,2,1
86,1,11
171,17,7
122,3,6
221,16,1
19,23,38
241,3,5
101,18,7
185,19,27
58,16,2
176,21,1
44,11,1
258,3,23
173,5,22
94,22,26
124,2,11
149,2,4
58,6,3
115,9,1
220,2,13
123,23,18
96,18,3
73,9,2
84,23,1
190,10,6
242,23,43
46,14,2
118,6,1
57,16,1
208,3,13
31,19,5
121,4,11
57,23,5
109,7,4
16,21,11
69,3,22
156,6,1
235,23,48
21,22,17
191,3,12
6,7,8
251,5,1
15,17,7
172,11,1
59,5,1
115,12,2
111,21,1
30,15,1
15,18,6
172,8,6
182,3,6
71,3,39
139,4,14
55,0,17
106,4,20
128,18,3
71,19,87
139,23,31
176,7,2
220,0,28
92,3,28
67,1,11
245,20,1
11,3,2
192,0,14
159,3,16
128,1,1
111,6,1
30,6,1
29,2,1
9,11,8
254,2,8
57,10,2
38,2,1
58,17,1
184,17,3
183,3,3
175,20,4
51,3,13
120,13,1
221,1,3
131,2,6
84,8,1
222,0,12
183,22,17
172,17,1
52,5,4
59,6,3
98,2,3
258,2,19
221,8,8
59,19,2
64,22,8
251,6,3
64,4,5
73,20,4
128,3,1
31,18,6
58,18,1
192,19,28
252,21,20
214,11,3
111,16,2
118,4,1
185,2,2
192,20,24
176,6,1
205,3,35
153,15,5
58,9,2
8,17,5
212,1,13
184,16,2
201,0,5
183,4,4
120,11,1
35,3,40
8,7,1
184,10,1
51,1,10
117,0,8
26,3,5
187,9,1
102,16,23
11,22,14
81,1,7
120,17,3
183,2,2
109,4,1
171,4,13
183,20,8
222,1,6
29,1,6
185,3,6
46,22,6
171,19,16
221,5,2
177,3,23
245,13,1
253,13,2
172,22,1
253,5,1
180,3,25
11,18,17
175,23,11
159,2,19
176,8,1
15,20,12
240,0,3
221,23,2
101,1,19
214,16,2
213,3,17
9,5,3
240,12,2
109,5,1
11,20,12
51,2,7
9,20,4
18,0,22
253,22,1
120,7,6
203,2,8
117,23,12
57,1,2
150,22,11
29,3,1
206,12,1
180,0,40
11,0,9
241,4,8
214,8,4
251,20,2
252,17,7
67,16,25
177,2,25
51,22,33
240,1,5
189,4,26
73,14,6
241,1,7
242,22,29
251,23,2
155,2,5
153,23,6
184,13,1
245,0,1
20,0,22
156,16,1
19,16,13
172,15,1
11,17,9
252,19,38
102,5,14
245,21,1
221,13,2
38,0,4
185,21,16
59,9,4
29,23,12
23,9,3
206,8,3
58,22,7
23,22,2
8,15,2
73,3,8
31,4,1
57,0,6
153,2,2
149,0,8
30,19,2
153,1,4
23,11,1
120,8,2
46,23,4
30,23,2
147,1,4
122,22,8
32,3,2
210,1,7
253,8,2
31,22,4
54,12,5
15,4,1
57,17,3
245,7,1
194,4,1
128,6,4
240,17,6
9,22,4
257,21,16
184,2,1
120,4,1
171,22,24
86,23,20
214,14,2
96,12,2
27,19,1
115,15,1
30,16,2
101,20,10
252,5,7
8,22,1
58,13,2
174,2,7
182,20,36
115,18,1
15,3,1
191,2,13
31,23,4
59,20,1
192,4,11
57,2,1
169,19,58
171,2,3
203,22,21
115,8,7
101,11,2
133,1,6
147,23,23
9,0,6
206,6,3
96,8,3
46,21,2
150,3,1
184,7,2
172,7,1
221,6,3
121,3,12
20,4,8
56,2,9
67,3,4
118,11,3
23,4,5
15,23,3
94,21,27
136,3,13
128,19,6
202,0,6
122,15,10
153,16,10
12,6,1
57,20,5
206,18,2
96,9,2
149,21,24
81,2,5
23,1,1
118,9,1
221,10,1
124,4,7
67,4,8
57,15,1
15,21,12
252,4,10
16,23,21
67,23,13
31,0,1
221,15,1
47,0,25
115,0,1
227,23,20
115,7,5
85,1,12
245,15,1
98,1,6
150,20,14
139,21,16
11,2,4
59,8,2
253,14,2
15,19,15
245,6,2
195,2,6
118,12,2
174,21,22
178,4,3
182,1,9
27,17,1
128,5,2
67,20,15
185,4,8
73,21,3
127,2,25
64,2,2
118,8,1
9,19,12
210,3,10
135,2,8
31,6,7
118,14,2
27,23,2
160,2,15
96,6,7
214,5,1
187,19,1
190,5,4
81,0,9
153,13,5
98,0,11
135,21,20
31,21,8
53,5,2
16,20,13
8,23,4
128,2,1
184,6,1
175,0,11
253,9,1
253,7,1
20,20,23
214,6,2
15,0,2
214,21,1
38,1,3
119,23,38
175,15,6
128,9,1
176,20,1
136,2,4
27,14,1
210,2,6
172,10,2
64,1,7
32,2,5
169,21,41
30,1,4
27,16,1
139,0,12
117,2,5
57,8,1
240,3,3
207,1,1
218,19,40
96,16,3
